﻿<?xml version="1.0" encoding="UTF-8"?>
<!DOCTYPE hibernate-configuration PUBLIC "-//Hibernate/Hibernate Configuration DTD 3.0//EN" "http://hibernate.sourceforge.net/hibernate-configuration-3.0.dtd">
<hibernate-configuration>
    
  <session-factory>
    
    <property name="hibernate.connection.driver_class">com.mysql.jdbc.Driver</property>
    <property name="hibernate.connection.url">jdbc:mysql://localhost:3306/sistemadifoccus?zeroDateTimeBehavior=convertToNull</property>
    <property name="hibernate.connection.username">root</property>
    <property name="hibernate.connection.password">root</property>    
    
    
    <!-- SQL dialect -->
    <property name="dialect">org.hibernate.dialect.MySQL5InnoDBDialect</property>
    <!-- Gerenciamento do contexto das conexões -->
    <property name="current_session_context_class">thread</property>
    <!-- Cache de segundo nível  -->
    <property name="cache.provider_class">org.hibernate.cache.internal.NoCacheProvider</property>
    <!-- Echo all executed SQL to stdout -->
    <property name="show_sql">true</property>
    <!-- Drop and re-create the database schema on startup -->
    <property name="hbm2ddl.auto">update</property>
    
    <mapping class="br.com.difoccus.sistemadifoccus.modelo.Contrato"/>
    <mapping class="br.com.difoccus.sistemadifoccus.modelo.Funcionario"/>
    <mapping class="br.com.difoccus.sistemadifoccus.modelo.Formando"/>
    
  </session-factory>
  
</hibernate-configuration>
